,label,Kx,x0,Ky,y0
0,PAmCherry,0.0021231540564022443,51.93016069204424,0.0019938027802310202,-23.16945866077311
